���,�¼�,ʱ��
0,START,1647434553627
1,FINISH,1647434555067
2,COMMAND,1647434555645
3,START,1647434557456
4,FINISH,1647434558839
5,COMMAND,1647434559457
6,START,1647434560849
7,FINISH,1647434562233
8,COMMAND,1647434562861
9,START,1647434565280
10,FINISH,1647434566661
11,COMMAND,1647434567279
12,START,1647434569591
13,FINISH,1647434570994
14,COMMAND,1647434571554
15,START,1647434580096
16,FINISH,1647434581470
17,COMMAND,1647434582070
18,START,1647434584591
19,FINISH,1647434586014
20,COMMAND,1647434586660
21,START,1647434589321
22,FINISH,1647434590685
23,COMMAND,1647434591287
24,START,1647434594316
25,FINISH,1647434595703
26,COMMAND,1647434596321
27,START,1647434599003
28,FINISH,1647434600400
29,COMMAND,1647434601067
30,START,1647434609850
31,FINISH,1647434611245
32,COMMAND,1647434611849
33,START,1647434613957
34,FINISH,1647434615361
35,COMMAND,1647434615921
36,START,1647434618115
37,FINISH,1647434619503
38,COMMAND,1647434620290
39,START,1647434622351
40,FINISH,1647434623748
41,COMMAND,1647434624333
42,START,1647434626322
43,FINISH,1647434627719
44,COMMAND,1647434628323
45,START,1647434630770
46,FINISH,1647434632142
47,COMMAND,1647434632759
48,START,1647434634604
49,FINISH,1647434635977
50,COMMAND,1647434636615
51,START,1647434639520
52,FINISH,1647434640914
53,COMMAND,1647434641624
54,START,1647434647451
55,FINISH,1647434648958
56,COMMAND,1647434649649
57,START,1647434651819
58,FINISH,1647434653313
59,COMMAND,1647434653932
60,START,1647434658814
61,FINISH,1647434660294
62,COMMAND,1647434660974
63,START,1647434664289
64,FINISH,1647434665783
65,COMMAND,1647434666406
66,START,1647434668412
67,FINISH,1647434669887
68,COMMAND,1647434670584
69,START,1647434672806
70,FINISH,1647434674303
71,COMMAND,1647434674986
72,START,1647434682232
73,FINISH,1647434683719
74,COMMAND,1647434684384
75,START,1647434686527
76,FINISH,1647434688004
77,COMMAND,1647434688661
78,START,1647434691104
79,FINISH,1647434692569
80,COMMAND,1647434693238
81,START,1647434695614
82,FINISH,1647434697098
83,COMMAND,1647434697695
84,START,1647434700116
85,FINISH,1647434701610
86,COMMAND,1647434702237
87,START,1647434704347
88,FINISH,1647434705826
89,COMMAND,1647434706471
90,START,1647434709223
91,FINISH,1647434710704
92,COMMAND,1647434711309